<?xml version="1.0" encoding="utf-8" standalone="yes" ?>
<rss version="2.0" xmlns:atom="http://www.w3.org/2005/Atom">
  <channel>
    <title>Homes on Sid Devic</title>
    <link>http://sid.devic.us/home/</link>
    <description>Recent content in Homes on Sid Devic</description>
    <generator>Hugo -- gohugo.io</generator>
    <language>en-us</language>
    <copyright>&amp;copy; 2018</copyright>
    <lastBuildDate>Wed, 20 Apr 2016 00:00:00 -0400</lastBuildDate>
    
	<atom:link href="http://sid.devic.us/home/index.xml" rel="self" type="application/rss+xml" />
    
    
    <item>
      <title></title>
      <link>http://sid.devic.us/home/about/</link>
      <pubDate>Wed, 20 Apr 2016 00:00:00 -0400</pubDate>
      
      <guid>http://sid.devic.us/home/about/</guid>
      <description>Biography I&amp;rsquo;m Sid, and somehow i&amp;rsquo;m already a junior at The University of Texas at Dallas (UTD). I&amp;rsquo;m currently a member of the Advanced Network Research Lab, and also work with Prof. Nicholas Ruozzi on various research projects related to machine learning and optimization.
In my free time, I enjoy reading, catching up on developments in computational go (LeelaZero, MiniGo), practicing classical piano, cooking, or getting involved on campus.</description>
    </item>
    
    <item>
      <title>Selected Publications</title>
      <link>http://sid.devic.us/home/publications_selected/</link>
      <pubDate>Wed, 20 Apr 2016 00:00:00 -0400</pubDate>
      
      <guid>http://sid.devic.us/home/publications_selected/</guid>
      <description></description>
    </item>
    
    <item>
      <title>Recent &amp; Upcoming Talks</title>
      <link>http://sid.devic.us/home/talks/</link>
      <pubDate>Wed, 20 Apr 2016 00:00:00 -0400</pubDate>
      
      <guid>http://sid.devic.us/home/talks/</guid>
      <description></description>
    </item>
    
    <item>
      <title>Recent Posts</title>
      <link>http://sid.devic.us/home/posts/</link>
      <pubDate>Wed, 20 Apr 2016 00:00:00 -0400</pubDate>
      
      <guid>http://sid.devic.us/home/posts/</guid>
      <description></description>
    </item>
    
    <item>
      <title>Projects</title>
      <link>http://sid.devic.us/home/projects/</link>
      <pubDate>Wed, 20 Apr 2016 00:00:00 -0400</pubDate>
      
      <guid>http://sid.devic.us/home/projects/</guid>
      <description></description>
    </item>
    
  </channel>
</rss>