<?xml version="1.0" encoding="utf-8" standalone="yes" ?>
<rss version="2.0" xmlns:atom="http://www.w3.org/2005/Atom">
  <channel>
    <title>Sid Devic on Sid Devic</title>
    <link>http://sid.devic.us/</link>
    <description>Recent content in Sid Devic on Sid Devic</description>
    <generator>Hugo -- gohugo.io</generator>
    <language>en-us</language>
    <copyright>&amp;copy; 2018</copyright>
    <lastBuildDate>Wed, 20 Apr 2016 00:00:00 -0500</lastBuildDate>
    <atom:link href="/" rel="self" type="application/rss+xml" />
    
    <item>
      <title>Intel Innovate FPGA</title>
      <link>http://sid.devic.us/project/innovate-fpga/</link>
      <pubDate>Tue, 18 Sep 2018 15:56:58 -0500</pubDate>
      
      <guid>http://sid.devic.us/project/innovate-fpga/</guid>
      <description>

&lt;p&gt;&lt;img src=&#34;http://sid.devic.us/project/intel/intel_fpga.png&#34; alt=&#34;image&#34; /&gt;&lt;/p&gt;

&lt;p&gt;&lt;em&gt;This is my team&amp;rsquo;s &lt;a href=&#34;http://www.innovatefpga.com/cgi-bin/innovate/teams.pl?Id=AS027&#34; target=&#34;_blank&#34;&gt;semi-finalist submission&lt;/a&gt; for the Intel Innovate FPGA 2018 Challenge. I worked with two NVIDIA employees for 4 months designing and implementing the project on a DE10-Nano.&lt;/em&gt;&lt;/p&gt;

&lt;p&gt;There are a number of problems that still plague traffic intersections. For example, during the night, one still has to wait for the light to turn green in spite of being alone at the crossing. Or when riding a motorcycle or a bicycle, the automated lights don’t register a rider and one is left to wait until a car (with a larger metal footprint) arrives, etc. We propose a method to increase efficiency and safety of traffic, especially during off hours.&lt;/p&gt;

&lt;p&gt;We use the Intel DE10-NANO board and one or more existing digital cameras placed at traffic intersections. We then run a trained neural network on our video feed, and correct or change the usual traffic patterns through a connection to traffic infrastructure.&lt;/p&gt;

&lt;p&gt;We plan a proof of concept with the following goals and motivators:
1. If there exist vehicles on a road waiting in a no traffic situation, alter lights accordingly
2. Help existing intersection sensors to detect motorcycles and bicycles as traffic
3. If a car is predicted to run a red light, alter traffic optimally for safety&lt;/p&gt;

&lt;p&gt;More scenarios may easily be added later due to FPGA’s configurable nature.&lt;/p&gt;

&lt;h2 id=&#34;high-level-project-description&#34;&gt;High-level Project Description&lt;/h2&gt;

&lt;h3 id=&#34;motivation&#34;&gt;Motivation&lt;/h3&gt;

&lt;p&gt;The purpose of this project is to increase traffic safety and efficiency for all vehicles on the road. Our project was inspired by an accident that a friend of had while crossing an intersection on his bicycle, unnoticed by both the traffic and intersection signal. This and several other kinds of accidents could be completely avoided with our solution.&lt;/p&gt;

&lt;h3 id=&#34;method&#34;&gt;Method&lt;/h3&gt;

&lt;p&gt;We begin by feeding the traffic camera feed into a DE10 board. A YOLO classifier is applied that recognizes and classifies objects located at the line where vehicles stop [1]. We classify cars, motorcycles and bicycles. Depending on the installation configuration, time of day and individual setup, the DE10 processor will issue hints to the existing intersection system to improve traffic flow.&lt;/p&gt;

&lt;p&gt;We are using several inexpensive and widely available IoT cameras. Since the resolution required depends on a combination of factors, such as distance to target or orientation to street, we can swap cameras and use the most appropriate combination in a final solution.&lt;/p&gt;

&lt;p&gt;The following cameras are used to prototype our solution:&lt;/p&gt;

&lt;ul&gt;
&lt;li&gt;&lt;p&gt;OV7675 (0.3MP or 640x480)&lt;/p&gt;&lt;/li&gt;

&lt;li&gt;&lt;p&gt;OV9650 (1.3MP or 1300x1028)&lt;/p&gt;&lt;/li&gt;

&lt;li&gt;&lt;p&gt;OV5640 (5MP or 2592x1944)&lt;/p&gt;&lt;/li&gt;
&lt;/ul&gt;

&lt;p&gt;These cameras are connected to IO ports on the board leading to the FPGA, which sequences the incoming image stream and does optional pre-processing before storing them onto the DRAM.&lt;/p&gt;

&lt;p&gt;The ARM CPU processes the images, and detects the objects we consider at a given intersection using our trained network. Finally, it generates hints to supply the intersection computer with using its own I/O and appropriate protocol. Since this is all code and not hardware, we can implement and modify the protocols to suit individual installations.&lt;/p&gt;

&lt;p&gt;We can meet the bandwidth necessary to do the image processing and inference on the FPGA while keeping the more mundane tasks to execute on the CPU. The flexibility of the board and the ease of configuration enables a rapid prototyping and debugging cycle.&lt;/p&gt;

&lt;p&gt;The scope of our project is limited to the three motivators outlined in the general description. However, If we were to come up with additional solutions, deploying them would be possible given FPGA’s dynamic functionality. We would simply load the new trained network and hint generator, as well as a new FPGA configuration, without the need to change hardware.&lt;/p&gt;

&lt;p&gt;We plan to train our neural network to recognize cars, bicycles, and cars using the ImageNet database, tensorflow, and an auxiliary training machine. We can then utilize tensorflow for mobile devices, which may allow for tractable computation time given our limited runtime hardware.&lt;/p&gt;

&lt;p&gt;We also plan to accelerate our neural network implementation with efficient FPGA structuring. This will offload computation to the FPGA, which we can tailor to have an efficient execution pipeline for the specific network we choose to implement, be it YOLO or a newer, state of the art solution.&lt;/p&gt;

&lt;p&gt;The scope of our project is limited to the three motivators outlined in the general description. However, If we were to come up with additional solutions, deploying them would be possible given FPGA’s dynamic functionality. We would simply load the new trained network and hint generator, as well as a new FPGA configuration, without the need to change hardware.&lt;/p&gt;

&lt;p&gt;In practice, this solution can use one of ~4,000 existing intersection cameras to determine if vehicles are waiting [2]. Using FPGA’s natively broad I/O, we can accept the camera feeds without specialized input hardware, and across different camera models.&lt;/p&gt;

&lt;h3 id=&#34;expanding-i-o&#34;&gt;Expanding I/O&lt;/h3&gt;

&lt;p&gt;This project uses cameras as an input image stream to our Intel FPGA board. The board provides enough GPIO pins to connect the cameras and enough bandwidth to consume/process all video data in parallel without frame drops. Using FPGA I/O, we are able to accept all kinds of camera input, at any resolution. This would be helpful given a real world implementation where we use existing camera infrastructure.&lt;/p&gt;

&lt;p&gt;Once deployed, this solution could also as easily be reconfigured and improved as needed.&lt;/p&gt;

&lt;h3 id=&#34;adapting-to-changes-and-boosting-performance&#34;&gt;Adapting to Changes and Boosting Performance&lt;/h3&gt;

&lt;p&gt;FPGA’s also facilitate deep learning’s ever evolving nature. New methods are constantly being created to train and better exploit neural networks, and state of the art methods are rendered obsolete within a few months. With solely software, we can remotely update our network and corresponding FPGA configuration. We can also leverage FPGA’s for large scale linear algebra operations.&lt;/p&gt;

&lt;h3 id=&#34;block-diagram&#34;&gt;Block Diagram&lt;/h3&gt;

&lt;p&gt;&lt;img src=&#34;http://sid.devic.us/project/intel/block.png&#34; alt=&#34;Block Diagram&#34; /&gt;&lt;/p&gt;

&lt;h3 id=&#34;references&#34;&gt;References&lt;/h3&gt;

&lt;p&gt;[1] YOLO is a specific neural network architecture which works well with video feeds and low powered systems due to its inherent computational feasibility.&lt;/p&gt;

&lt;p&gt;[2] 4,150 traffic cameras: &lt;a href=&#34;https://www.vox.com/a/red-light-speed-cameras&#34; target=&#34;_blank&#34;&gt;https://www.vox.com/a/red-light-speed-cameras&lt;/a&gt;&lt;/p&gt;
</description>
    </item>
    
    <item>
      <title>Green Raccoon</title>
      <link>http://sid.devic.us/project/green_raccoon/</link>
      <pubDate>Tue, 18 Sep 2018 15:34:34 -0500</pubDate>
      
      <guid>http://sid.devic.us/project/green_raccoon/</guid>
      <description>

&lt;p&gt;&lt;img src=&#34;http://sid.devic.us/project/green-raccoon/green_raccoon.png&#34; alt=&#34;Application Home Screen&#34; /&gt;&lt;/p&gt;

&lt;p&gt;&lt;em&gt;Originally made for EarthxHack 2018. Code available &lt;a href=&#34;https://github.com/sid-devic/greenraccoon&#34; target=&#34;_blank&#34;&gt;here&lt;/a&gt;, live in-browser demo available &lt;a href=&#34;https://snack.expo.io/Bys9hVqnG&#34; target=&#34;_blank&#34;&gt;here&lt;/a&gt;.&lt;/em&gt;&lt;/p&gt;

&lt;p&gt;Recycling is difficult. The rules of recycling can be even more difficult: items with food need to be washed, bottles need to have their caps removed, etc. This project is an attempt to simplify recycling so that (especially) children can learn how to do it properly.&lt;/p&gt;

&lt;p&gt;The application has two main parts:&lt;/p&gt;

&lt;ol&gt;
&lt;li&gt;Informing the user through a simple list what is recyclable&lt;/li&gt;
&lt;li&gt;An embedded camera which takes a picture and determines if the item in the picture is recyclable or not&lt;/li&gt;
&lt;/ol&gt;

&lt;h3 id=&#34;parsing-google-s-computer-vision-api&#34;&gt;Parsing Google&amp;rsquo;s Computer Vision API&lt;/h3&gt;

&lt;p&gt;The response from Google, at least for the specific api we were toying with, was a list of words that the item in the picture may be. Our simple hueristic to determine if an item is recyclable or not is whether any of the following were a subset of the parsed return:&lt;/p&gt;

&lt;p&gt;&lt;code&gt;var keywords = [&amp;quot;Aerosol&amp;quot;, &amp;quot;cans&amp;quot;, &amp;quot;completely empty&amp;quot;,
&amp;quot;Aluminum&amp;quot;, &amp;quot;cans&amp;quot;,  
&amp;quot;Beverage&amp;quot;, &amp;quot;cans&amp;quot;,
&amp;quot;Brochures&amp;quot;,
&amp;quot;Cardboard&amp;quot;, &amp;quot;cereal&amp;quot;, &amp;quot;boxes&amp;quot;, &amp;quot;plastic&amp;quot;, &amp;quot;lining&amp;quot;, &amp;quot;OK&amp;quot;,
&amp;quot;Computer&amp;quot;, &amp;quot;paper&amp;quot;,
&amp;quot;Coupons&amp;quot;,
&amp;quot;Egg&amp;quot;, &amp;quot;cartons&amp;quot;,
&amp;quot;Food&amp;quot;, &amp;quot;cans&amp;quot;,
&amp;quot;Glass&amp;quot;, &amp;quot;bottles&amp;quot;, &amp;quot;jars&amp;quot;,
&amp;quot;Glass&amp;quot;, &amp;quot;cosmetic&amp;quot;, &amp;quot;bottles&amp;quot;,
&amp;quot;Glass&amp;quot;, &amp;quot;unbroken&amp;quot;,
&amp;quot;Junk&amp;quot;, &amp;quot;mail&amp;quot;,
&amp;quot;Laundry&amp;quot;, &amp;quot;bottles&amp;quot;, &amp;quot;remove&amp;quot;, &amp;quot;caps&amp;quot;, &amp;quot;lids&amp;quot;,
&amp;quot;Ledger&amp;quot;, &amp;quot;paper&amp;quot;, &amp;quot;drink&amp;quot;,
&amp;quot;Magazines&amp;quot;,
&amp;quot;Milk&amp;quot;, &amp;quot;juice&amp;quot;, &amp;quot;cartons&amp;quot;,
&amp;quot;Newspaper&amp;quot;,
&amp;quot;Paper&amp;quot;, &amp;quot;product&amp;quot;,
&amp;quot;Paper&amp;quot;, &amp;quot;tubes&amp;quot;,
&amp;quot;Phone&amp;quot;, &amp;quot;books&amp;quot;,
&amp;quot;Pizza&amp;quot;, &amp;quot;boxes&amp;quot;, &amp;quot;clean&amp;quot;,
&amp;quot;Plastic&amp;quot;,
&amp;quot;Tin&amp;quot;, &amp;quot;cans&amp;quot;,
&amp;quot;Tissue&amp;quot;, &amp;quot;boxes&amp;quot;,
&amp;quot;Used&amp;quot;, &amp;quot;envelopes&amp;quot;,
&amp;quot;Wrapping&amp;quot;, &amp;quot;paper&amp;quot;]&lt;/code&gt;&lt;/p&gt;

&lt;p&gt;Obviously, this is a very simplistic approach. Suprisingly though, it works with (anecdotally) ~80% accuracy, which is good enough for have 24 hours to code a project. Here is an example of what we return to the user:&lt;/p&gt;

&lt;p&gt;&lt;img src=&#34;http://sid.devic.us/project/green-raccoon/no_re.png&#34; alt=&#34;Decision Screen&#34; /&gt;&lt;/p&gt;

&lt;p&gt;As you can see, we also returned the labels we considered the item in the image to actually be.&lt;/p&gt;

&lt;p&gt;All in all, it was a pretty fun experience learning react-native from scratch to having a working product in only 24 hours. It was extremely gratifying to have children come up and love learning about something as mundane as recycling, because of our cute mascott.&lt;/p&gt;
</description>
    </item>
    
    <item>
      <title>Deep Margins</title>
      <link>http://sid.devic.us/project/deep-margins/</link>
      <pubDate>Mon, 17 Sep 2018 10:46:56 -0500</pubDate>
      
      <guid>http://sid.devic.us/project/deep-margins/</guid>
      <description>

&lt;p&gt;&lt;em&gt;This was orginally a submission to an on-campus undergraduate research journal. I have modified the submission a bit, and posted it here since I have not heard back regarding my application. Apologies if it seems a bit simplistic&amp;ndash;it was originally written for a general audience. All the code is available &lt;a href=&#34;https://github.com/sid-devic/deep-margins&#34; target=&#34;_blank&#34;&gt;here&lt;/a&gt;.&lt;/em&gt;&lt;/p&gt;

&lt;h3 id=&#34;introduction-background&#34;&gt;Introduction/Background&lt;/h3&gt;

&lt;p&gt;Recent developments in computer hardware have enabled a specific part of the computer, the Graphics Processing Unit (GPU), to accelerate developments within a subfield of artificial intelligence: machine learning. Specifically, GPU’s have enabled computers to quickly create accurate prediction systems known as “Neural networks” — previously a computationally infeasible task.&lt;/p&gt;

&lt;p&gt;We begin our analysis of neural networks by examining them in the context of a classical machine learning classification task: differentiating between pictures of cats and dogs. We have a dataset of 10,000 images of cats and dogs. Every image in the dataset belongs to the set of classes &lt;code&gt;{cat, dog}&lt;/code&gt;, and the neural network’s job is to accurately predict which class a given image belongs to.&lt;/p&gt;

&lt;p&gt;The neural network’s life cycle is separated into two distinct phases: training and inference. Training is a process wherein the network is given large a quantity of labeled data, and self-modifies to improve its predictions. Inference is where we take such “trained” networks and perform classification on images they have never before seen.&lt;/p&gt;

&lt;p&gt;A neural network comprises of thousands of nodes and weighted connections between these nodes that attempt to accurately predict an output given a certain input. At the beginning of the training process, the values of the nodes and connections are initialised randomly. The network is essentially guessing the output for a given input.&lt;/p&gt;

&lt;p&gt;&lt;img src=&#34;http://sid.devic.us/project/deep-margins/nn.png&#34; alt=&#34;Classical NN&#34; /&gt;&lt;/p&gt;

&lt;p&gt;The network begins training by passing each of the 10,000 images of cats and dogs through itself. Since the network was pre-populated with random values, it starts off by guessing the class of each image at random. While doing this, it remembers what its guess was for each image.
Once it has processed all 10,000 images, it compares its answers to the correct answers provided by a creator of the dataset. If the network marked down “cat” for an image that a human has determined was obviously a dog, it notes this for correction, adding it to its “computed error”.&lt;/p&gt;

&lt;p&gt;Next, the network modifies the internal values of its nodes and connections in an attempt to minimize the computed error.  The network’s goal is to be able to classify all 10,000 images correctly as either “cat” or “dog”. The process is repeated thousands of times, thus “training” the network. Once the network can correctly predict every image that we have trained it on, the training phase ends.&lt;/p&gt;

&lt;p&gt;In the inference stage, we present to the network images not previously seen in the training phase. Remarkably, it is able to classify them with a very high degree of accuracy - up to 95% or better. Why, after training, does the network give the correct answer when it is shown an image of a cat or dog it has never seen before? This is the so-called “generalization mystery” of neural networks.&lt;/p&gt;

&lt;h3 id=&#34;support-vector-machines&#34;&gt;Support Vector Machines&lt;/h3&gt;

&lt;p&gt;Support Vector Machines (SVMs) are another tool in Machine Learning (ML) that attempt to learn a set of linear separators through a given dataset. While the inner workings of SVMs are not relevant to this research, they are unique in that they have a maximum margin guarantee, as seen in [Figure 1]. The “maximum margin” separator through a dataset, in general, is a good choice since it allows the most examples to fall within this “margin” and be correctly classified.&lt;/p&gt;

&lt;p&gt;&lt;img src=&#34;http://sid.devic.us/project/deep-margins/fig1.PNG&#34; alt=&#34;Figure 1&#34; /&gt;&lt;/p&gt;

&lt;p&gt;To help build some intuition behind choosing a maximum margin, imagine that a new blue data point is to be inserted into [Figure 1]. Since it loosely belongs to the “blue” dataset, it is reasonable to assume that the new blue point will lie in close proximity to the existing blue points. Now, if a sub-optimal hyperplane was selected on the original dataset, closer to the blue points and not maximum margin, it would misclassify this plausible blue point [Figure 2].&lt;/p&gt;

&lt;p&gt;&lt;img src=&#34;http://sid.devic.us/project/deep-margins/fig2.PNG&#34; alt=&#34;Figure 2&#34; /&gt;&lt;/p&gt;

&lt;h3 id=&#34;methods&#34;&gt;Methods&lt;/h3&gt;

&lt;p&gt;Now that the intuition behind margin maximization has been described, we may focus on designing a method to deliberately increase the decision margin for a neural network in a binary classification task. Currently, when training a network, there are no “margin guarantees”: the decision boundary may be close to or far from all data points, and we have no way of knowing. We cannot simply “check” what the margin of a neural network is because it is a large system of nodes and connections and not simply a function in a 2-dimensional space, as simplified in that diagram.&lt;/p&gt;

&lt;p&gt;One way to guarantee that the margin will increase in a neural network is to add new data points which the network will use to learn and then to classify correctly, as in the training phase of a network, the goal is to classify every image correctly.&lt;/p&gt;

&lt;p&gt;As an aside, a point lies in 2-d space and an image resides in n-dimensional space. A point has a $(x,y)$ coordinate, and since our images have dimensions 32 x 32 x 3, we can consider them as points in their $n$-dimensional space.&lt;/p&gt;

&lt;p&gt;We can exploit this by giving the network some artificial that we have constructed to learn from. Specifically, we would like to generate fake data points in an $n$-sphere around every data point that we have, so that our network decision boundary will be pushed out by the radius of that sphere. As shown in [Figure 3], by creating a set of fake data points around the real data, the decision boundary has no choice but to move outward so that it may classify all points correctly during its training phase.&lt;/p&gt;

&lt;p&gt;&lt;img src=&#34;http://sid.devic.us/project/deep-margins/fig3.png&#34; alt=&#34;Figure 3&#34; /&gt;&lt;/p&gt;

&lt;p&gt;We can generate these fake data points uniformly and systematically by sampling randomly from everywhere within an n-sphere of radius r around a given data point. Programmatically, we do this as follows:&lt;/p&gt;

&lt;ol&gt;
&lt;li&gt;Generate a matrix of the same dimensions as our image. I.E. if our image is a 32 x 32 x 3 image of a cat (32 by 32 pixels, and 3 color planes: red, green and blue), we generate a random image of the same size.&lt;/li&gt;
&lt;li&gt;Populate that matrix with random values.&lt;/li&gt;
&lt;li&gt;Normalize the image. In linear algebra, when we wish to obtain a vector pointing in the same direction as another vector but with length 1, we divide each element in the vector by its total magnitude. We can do the same for each image, taking an element-wise magnitude division, so that the “length” of the random matrix is 1.&lt;/li&gt;
&lt;li&gt;Now that we have a random point in the same data space as our original image (for example, an image of a cat), we multiply this random point by a random value $m$, where $0 &amp;lt;= m &amp;lt;= r$, and where $r$ is the radius of the sphere within which we would like to generate points. It is important to make sure m is uniformly distributed within the sphere, and not only on the boundary, by drawing $m$ from within a range of values less than $r$.&lt;/li&gt;
&lt;li&gt;Finally, we take our new image $g = m$*[random matrix] and add it to our original image using matrix addition. This “localizes” $g$ to the dataspace of our image, not unlike how we move a vector around a 2d-space by adding it to another vector [Figure 4].&lt;/li&gt;
&lt;/ol&gt;

&lt;p&gt;&lt;img src=&#34;http://sid.devic.us/project/deep-margins/figure4.png&#34; alt=&#34;Figure 3&#34; /&gt;&lt;/p&gt;

&lt;p&gt;We now have a method of generating data points within an $n$-sphere of radius $r$ of a single image.  For each image in our dataset, we then generate 20 random points within some radius $r$.&lt;/p&gt;

&lt;p&gt;How do we choose a suitable radius for our $n$-sphere? Consider the two closest points from opposing classes within data space. That is, the pair of &lt;code&gt;(dog,cat)&lt;/code&gt; images that have the least distance between them by a $n$-dimensional euclidean distance metric.
Similar to how we can use the distance formula in two dimensions to compute the planar distance between two points, we can generalize the distance formula to $n$-dimensions, and use it to calculate the distance between any pair of images. We can write a programming script to calculate this $n$-dimensional distance and find the closest pair of images.
The maximum value that our final network margin can be is then half of the distance between the closest pair of opposing class points [Figure 5]. As an example, if  the distance between them was calculated as 369,  we begin by setting our radius $r$ to 184.&lt;/p&gt;

&lt;p&gt;&lt;img src=&#34;http://sid.devic.us/project/deep-margins/fig5.PNG&#34; alt=&#34;Figure 5&#34; /&gt;&lt;/p&gt;

&lt;h3 id=&#34;previous-work&#34;&gt;Previous Work&lt;/h3&gt;

&lt;p&gt;Previous papers regarding a maximum margin guarantee rely on the construction of an “objective function” which rewards maximized margins. Instead, our work relies on providing a true guarantee of this margin by forcing the network to fit it with fake data.&lt;/p&gt;

&lt;h3 id=&#34;results&#34;&gt;Results&lt;/h3&gt;

&lt;p&gt;As a control set, we teach a separate network using only native, ungenerated data, with a dataset of 10,000 cat and dog images. Using a model described in [1], we are able to achieve ~73% accuracy on a set of data we withhold from the network during training, called the “validation set”. Results on the validation set truly reflect how well a network is performing, because the network has not seen any images from it before.
We then generate our 20 random images per image in our original dataset, at a radius value of $r$=184. The more images we generate per original image, the greater probability guarantee of learning an expanded margin.&lt;/p&gt;

&lt;p&gt;Initially, our data looks promising. However, it is important to note that to begin training a neural network we need to initialize all parameters randomly.
This means that two instances of training a network will yield different results since we start at different points along a non-guaranteed optimization process. This process has no guarantee of converging to a “good” result. To combat this, we take the average highest validation score of 10 runs to compare against each other, the results of which are listed in [Figure 6].&lt;/p&gt;

&lt;p&gt;Our top validation accuracy average for training on an augmented dataset does not show a significant improvement over training on the original dataset. We look for a new direction to move towards for image generation.
By inspecting our list of pairs of euclidean distances, we discover that 99% of our distances between points belonging to opposing classes are, in fact, near the value of 568. Hence, we do more training runs, but this time with the radius value of $r$=284 [Figure 6].&lt;/p&gt;

&lt;p&gt;The results indicate that this method of attempting to improve generalization is not effective. Although there is no way to compute the true “uncertainty” of our results and to measure whether our result is truly improving or degrading final accuracy, we can estimate this uncertainty to be around 2-3%. That is, if we were to increase our accuracy by 4% or more over a 10 run average, this would hold as a “significant result”.&lt;/p&gt;

&lt;p&gt;&lt;img src=&#34;http://sid.devic.us/project/deep-margins/ValAcc.png&#34; alt=&#34;Figure 6&#34; /&gt;&lt;/p&gt;

&lt;h3 id=&#34;conclusion&#34;&gt;Conclusion&lt;/h3&gt;

&lt;p&gt;The “margin maximization” method of attempting to improve neural network accuracy has proven, in this case, to be unsuccessful. Currently, we are working on numerous other methods in an attempt to provide a “generalization guarantee” during the training of a network. The development of a generalization guarantee would be important because no such guarantee currently exists for neural networks, and it is still a mystery as to why they perform well on unseen data.&lt;/p&gt;

&lt;h3 id=&#34;references&#34;&gt;References&lt;/h3&gt;

&lt;p&gt;[1] Oswaldo Ludwig, and Urbano Nunes. &amp;ldquo;Novel Maximum-Margin Training Algorithms for Supervised Neural Networks.&amp;rdquo; IEEE Transactions on Neural Networks 21, no. 6 (2010): 972-84. doi:10.1109/tnn.2010.2046423.&lt;/p&gt;
</description>
    </item>
    
    <item>
      <title>PhysVR</title>
      <link>http://sid.devic.us/project/physvr/</link>
      <pubDate>Mon, 17 Sep 2018 10:38:09 -0500</pubDate>
      
      <guid>http://sid.devic.us/project/physvr/</guid>
      <description></description>
    </item>
    
    <item>
      <title>MyUTD</title>
      <link>http://sid.devic.us/project/myutd/</link>
      <pubDate>Mon, 17 Sep 2018 10:31:21 -0500</pubDate>
      
      <guid>http://sid.devic.us/project/myutd/</guid>
      <description></description>
    </item>
    
    <item>
      <title>Embedding Neural Network</title>
      <link>http://sid.devic.us/post/embedding-neural-network/</link>
      <pubDate>Tue, 21 Aug 2018 15:44:43 -0500</pubDate>
      
      <guid>http://sid.devic.us/post/embedding-neural-network/</guid>
      <description>

&lt;p&gt;Interpretable neural networks are currently nothing more then a pipe dream. However, if we were to make these machines even partially interpretable, maybe we could learn more about how they work.&lt;/p&gt;

&lt;p&gt;One way to look at interpretability is to consider embeddings. Not embeddings like word-2-vec or autoencoders&amp;ndash;both of which at some point provide a fixed dimensional representation of data&amp;ndash;but visual embeddings. Methods like T-SNE and PCA are common methods to do this, providing an intuitive 2-D / 3-D representation of some data. More specifically, we would like to have both a prediction, and a &lt;em&gt;visually interpretable&lt;/em&gt; representation of our prediction in the neural network solution space.&lt;/p&gt;

&lt;p&gt;Visually interpretable is a broad term. Here is a T-SNE embedding on the MNIST dataset, where 0&amp;rsquo;s, 1&amp;rsquo;s, etc. are clustered in their specified classes:
&lt;img src=&#34;http://sid.devic.us/img/tsne.png&#34; alt=&#34;T-SNE&#34; /&gt;&lt;/p&gt;

&lt;h2 id=&#34;the-network&#34;&gt;The Network&lt;/h2&gt;

&lt;p&gt;We wish to create a neural network that not only gives us a class prediction given an input image, but also a 3-dimensional embedding within a defined space. Furthermore, we want them to be clustered around &amp;ldquo;centers of confidence&amp;rdquo;.&lt;/p&gt;
</description>
    </item>
    
  </channel>
</rss>
