<?xml version="1.0" encoding="utf-8" standalone="yes" ?>
<rss version="2.0" xmlns:atom="http://www.w3.org/2005/Atom">
  <channel>
    <title>Unity on Sid Devic</title>
    <link>http://sid.devic.us/tags/unity/</link>
    <description>Recent content in Unity on Sid Devic</description>
    <generator>Hugo -- gohugo.io</generator>
    <language>en-us</language>
    <copyright>&amp;copy; 2018</copyright>
    <lastBuildDate>Mon, 17 Sep 2018 10:38:09 -0500</lastBuildDate>
    
	<atom:link href="http://sid.devic.us/tags/unity/index.xml" rel="self" type="application/rss+xml" />
    
    
    <item>
      <title>PhysVR</title>
      <link>http://sid.devic.us/project/physvr/</link>
      <pubDate>Mon, 17 Sep 2018 10:38:09 -0500</pubDate>
      
      <guid>http://sid.devic.us/project/physvr/</guid>
      <description></description>
    </item>
    
  </channel>
</rss>