<?xml version="1.0" encoding="utf-8" standalone="yes" ?>
<rss version="2.0" xmlns:atom="http://www.w3.org/2005/Atom">
  <channel>
    <title>Posts on Sid Devic</title>
    <link>http://sid.devic.us/post/</link>
    <description>Recent content in Posts on Sid Devic</description>
    <generator>Hugo -- gohugo.io</generator>
    <language>en-us</language>
    <copyright>&amp;copy; 2018</copyright>
    <lastBuildDate>Sun, 01 Jan 2017 00:00:00 -0600</lastBuildDate>
    
	<atom:link href="http://sid.devic.us/post/index.xml" rel="self" type="application/rss+xml" />
    
    
    <item>
      <title>Embedding Neural Network</title>
      <link>http://sid.devic.us/post/embedding-neural-network/</link>
      <pubDate>Tue, 21 Aug 2018 15:44:43 -0500</pubDate>
      
      <guid>http://sid.devic.us/post/embedding-neural-network/</guid>
      <description>Interpretable neural networks are currently nothing more then a pipe dream. However, if we were to make these machines even partially interpretable, maybe we could learn more about how they work.
[ Placeholder ]
Visually interpretable is a broad term. Here is a T-SNE embedding on the MNIST dataset, where 0&amp;rsquo;s, 1&amp;rsquo;s, etc. are clustered in their specified classes: The Network We wish to create a neural network that not only gives us a class prediction given an input image, but also a 3-dimensional embedding within a defined space.</description>
    </item>
    
  </channel>
</rss>