<?xml version="1.0" encoding="utf-8" standalone="yes" ?>
<rss version="2.0" xmlns:atom="http://www.w3.org/2005/Atom">
  <channel>
    <title>Research on Sid Devic</title>
    <link>http://sid.devic.us/tags/research/</link>
    <description>Recent content in Research on Sid Devic</description>
    <generator>Hugo -- gohugo.io</generator>
    <language>en-us</language>
    <copyright>&amp;copy; 2018</copyright>
    <lastBuildDate>Sun, 09 Jun 2019 18:15:59 -0400</lastBuildDate>
    
	<atom:link href="http://sid.devic.us/tags/research/index.xml" rel="self" type="application/rss+xml" />
    
    
    <item>
      <title>Convex Functions for Reinforcement Learning</title>
      <link>http://sid.devic.us/talk/convex-rl/</link>
      <pubDate>Sun, 09 Jun 2019 18:15:59 -0400</pubDate>
      
      <guid>http://sid.devic.us/talk/convex-rl/</guid>
      <description></description>
    </item>
    
    <item>
      <title>Point Packing in Hypercubes</title>
      <link>http://sid.devic.us/project/hypercubes/</link>
      <pubDate>Sun, 09 Jun 2019 17:51:13 -0400</pubDate>
      
      <guid>http://sid.devic.us/project/hypercubes/</guid>
      <description></description>
    </item>
    
    <item>
      <title>Deep Margins</title>
      <link>http://sid.devic.us/project/deep-margins/</link>
      <pubDate>Mon, 17 Sep 2018 10:46:56 -0500</pubDate>
      
      <guid>http://sid.devic.us/project/deep-margins/</guid>
      <description>This was orginally a submission to an on-campus undergraduate research journal. I have modified the submission a bit, and posted it here since I have not heard back regarding my application. Apologies if it seems a bit simplistic&amp;ndash;it was originally written for a general audience. All the code is available here.
Introduction/Background Recent developments in computer hardware have enabled a specific part of the computer, the Graphics Processing Unit (GPU), to accelerate developments within a subfield of artificial intelligence: machine learning.</description>
    </item>
    
    <item>
      <title>PhysVR</title>
      <link>http://sid.devic.us/project/physvr/</link>
      <pubDate>Mon, 17 Sep 2018 10:38:09 -0500</pubDate>
      
      <guid>http://sid.devic.us/project/physvr/</guid>
      <description></description>
    </item>
    
  </channel>
</rss>