<?xml version="1.0" encoding="utf-8" standalone="yes" ?>
<rss version="2.0" xmlns:atom="http://www.w3.org/2005/Atom">
  <channel>
    <title>1 on Sid Devic</title>
    <link>http://sid.devic.us/publication_types/1/</link>
    <description>Recent content in 1 on Sid Devic</description>
    <generator>Hugo -- gohugo.io</generator>
    <language>en-us</language>
    <copyright>&amp;copy; 2018</copyright>
    <lastBuildDate>Sun, 01 Sep 2019 17:45:39 -0400</lastBuildDate>
    
	<atom:link href="http://sid.devic.us/publication_types/1/index.xml" rel="self" type="application/rss+xml" />
    
    
    <item>
      <title>Guardians of the Deep Fog: Failure-Resilient DNN Inference from Edge to Cloud</title>
      <link>http://sid.devic.us/publication/rddnn/</link>
      <pubDate>Sun, 01 Sep 2019 17:45:39 -0400</pubDate>
      
      <guid>http://sid.devic.us/publication/rddnn/</guid>
      <description></description>
    </item>
    
    <item>
      <title>DeepPR</title>
      <link>http://sid.devic.us/publication/deeppr/</link>
      <pubDate>Sun, 09 Jun 2019 17:45:39 -0400</pubDate>
      
      <guid>http://sid.devic.us/publication/deeppr/</guid>
      <description></description>
    </item>
    
  </channel>
</rss>