<?xml version="1.0" encoding="utf-8" standalone="yes" ?>
<rss version="2.0" xmlns:atom="http://www.w3.org/2005/Atom">
  <channel>
    <title>Computer-vision on Sid Devic</title>
    <link>http://sid.devic.us/tags/computer-vision/</link>
    <description>Recent content in Computer-vision on Sid Devic</description>
    <generator>Hugo -- gohugo.io</generator>
    <language>en-us</language>
    <copyright>&amp;copy; 2018</copyright>
    <lastBuildDate>Tue, 18 Sep 2018 15:56:58 -0500</lastBuildDate>
    
	<atom:link href="http://sid.devic.us/tags/computer-vision/index.xml" rel="self" type="application/rss+xml" />
    
    
    <item>
      <title>Intel Innovate FPGA</title>
      <link>http://sid.devic.us/project/innovate-fpga/</link>
      <pubDate>Tue, 18 Sep 2018 15:56:58 -0500</pubDate>
      
      <guid>http://sid.devic.us/project/innovate-fpga/</guid>
      <description>This is my team&amp;rsquo;s semi-finalist submission for the Intel Innovate FPGA 2018 Challenge. I worked with two NVIDIA employees for 4 months designing and implementing the project on a DE10-Nano.
There are a number of problems that still plague traffic intersections. For example, during the night, one still has to wait for the light to turn green in spite of being alone at the crossing. Or when riding a motorcycle or a bicycle, the automated lights don’t register a rider and one is left to wait until a car (with a larger metal footprint) arrives, etc.</description>
    </item>
    
  </channel>
</rss>