<?xml version="1.0" encoding="utf-8" standalone="yes" ?>
<rss version="2.0" xmlns:atom="http://www.w3.org/2005/Atom">
  <channel>
    <title>Publication_types on Sid Devic</title>
    <link>http://sid.devic.us/publication_types/</link>
    <description>Recent content in Publication_types on Sid Devic</description>
    <generator>Hugo -- gohugo.io</generator>
    <language>en-us</language>
    <copyright>&amp;copy; 2018</copyright>
    
	<atom:link href="http://sid.devic.us/publication_types/index.xml" rel="self" type="application/rss+xml" />
    
    
  </channel>
</rss>