<?xml version="1.0" encoding="utf-8" standalone="yes" ?>
<rss version="2.0" xmlns:atom="http://www.w3.org/2005/Atom">
  <channel>
    <title>Talks on Sid Devic</title>
    <link>http://sid.devic.us/talk/</link>
    <description>Recent content in Talks on Sid Devic</description>
    <generator>Hugo -- gohugo.io</generator>
    <language>en-us</language>
    <copyright>&amp;copy; 2018</copyright>
    <lastBuildDate>Wed, 26 Jun 2019 00:32:48 -0400</lastBuildDate>
    
	<atom:link href="http://sid.devic.us/talk/index.xml" rel="self" type="application/rss+xml" />
    
    
    <item>
      <title>Experience Driven Networking: A Reinforcement Learning Based Approach</title>
      <link>http://sid.devic.us/talk/rl-networking/</link>
      <pubDate>Wed, 26 Jun 2019 00:32:48 -0400</pubDate>
      
      <guid>http://sid.devic.us/talk/rl-networking/</guid>
      <description></description>
    </item>
    
    <item>
      <title>Failure Resilient Distributed Deep Learning</title>
      <link>http://sid.devic.us/talk/rddnn/</link>
      <pubDate>Wed, 26 Jun 2019 00:23:36 -0400</pubDate>
      
      <guid>http://sid.devic.us/talk/rddnn/</guid>
      <description></description>
    </item>
    
    <item>
      <title>Robust Optimization with Applications in Networking</title>
      <link>http://sid.devic.us/talk/robust-opt/</link>
      <pubDate>Wed, 26 Jun 2019 00:14:45 -0400</pubDate>
      
      <guid>http://sid.devic.us/talk/robust-opt/</guid>
      <description></description>
    </item>
    
    <item>
      <title>Convex Functions for Reinforcement Learning</title>
      <link>http://sid.devic.us/talk/convex-rl/</link>
      <pubDate>Sun, 09 Jun 2019 18:15:59 -0400</pubDate>
      
      <guid>http://sid.devic.us/talk/convex-rl/</guid>
      <description></description>
    </item>
    
  </channel>
</rss>