<?xml version="1.0" encoding="utf-8" standalone="yes" ?>
<rss version="2.0" xmlns:atom="http://www.w3.org/2005/Atom">
  <channel>
    <title>Machine-learning on Sid Devic</title>
    <link>http://sid.devic.us/tags/machine-learning/</link>
    <description>Recent content in Machine-learning on Sid Devic</description>
    <generator>Hugo -- gohugo.io</generator>
    <language>en-us</language>
    <copyright>&amp;copy; 2018</copyright>
    <lastBuildDate>Sun, 09 Jun 2019 18:15:59 -0400</lastBuildDate>
    
	<atom:link href="http://sid.devic.us/tags/machine-learning/index.xml" rel="self" type="application/rss+xml" />
    
    
    <item>
      <title>Convex Functions for Reinforcement Learning</title>
      <link>http://sid.devic.us/talk/convex-rl/</link>
      <pubDate>Sun, 09 Jun 2019 18:15:59 -0400</pubDate>
      
      <guid>http://sid.devic.us/talk/convex-rl/</guid>
      <description></description>
    </item>
    
    <item>
      <title>Directed Reading Program</title>
      <link>http://sid.devic.us/project/drp/</link>
      <pubDate>Sun, 09 Jun 2019 17:51:13 -0400</pubDate>
      
      <guid>http://sid.devic.us/project/drp/</guid>
      <description></description>
    </item>
    
    <item>
      <title>RuTroll</title>
      <link>http://sid.devic.us/project/rutroll/</link>
      <pubDate>Sun, 09 Jun 2019 17:51:13 -0400</pubDate>
      
      <guid>http://sid.devic.us/project/rutroll/</guid>
      <description></description>
    </item>
    
    <item>
      <title>Intel Innovate FPGA</title>
      <link>http://sid.devic.us/project/innovate-fpga/</link>
      <pubDate>Tue, 18 Sep 2018 15:56:58 -0500</pubDate>
      
      <guid>http://sid.devic.us/project/innovate-fpga/</guid>
      <description>This is my team&amp;rsquo;s semi-finalist submission for the Intel Innovate FPGA 2018 Challenge. I worked with two NVIDIA employees for 4 months designing and implementing the project on a DE10-Nano.
There are a number of problems that still plague traffic intersections. For example, during the night, one still has to wait for the light to turn green in spite of being alone at the crossing. Or when riding a motorcycle or a bicycle, the automated lights don’t register a rider and one is left to wait until a car (with a larger metal footprint) arrives, etc.</description>
    </item>
    
    <item>
      <title>Green Raccoon</title>
      <link>http://sid.devic.us/project/green_raccoon/</link>
      <pubDate>Tue, 18 Sep 2018 15:34:34 -0500</pubDate>
      
      <guid>http://sid.devic.us/project/green_raccoon/</guid>
      <description>Originally made for EarthxHack 2018. Code available here, live in-browser demo available here.
Recycling is difficult. The rules of recycling can be even more difficult: items with food need to be washed, bottles need to have their caps removed, etc. This project is an attempt to simplify recycling so that (especially) children can learn how to do it properly.
The application has two main parts:
 Informing the user through a simple list what is recyclable An embedded camera which takes a picture and determines if the item in the picture is recyclable or not  Parsing Google&amp;rsquo;s Computer Vision API The response from Google, at least for the specific api we were toying with, was a list of words that the item in the picture may be.</description>
    </item>
    
    <item>
      <title>Deep Margins</title>
      <link>http://sid.devic.us/project/deep-margins/</link>
      <pubDate>Mon, 17 Sep 2018 10:46:56 -0500</pubDate>
      
      <guid>http://sid.devic.us/project/deep-margins/</guid>
      <description>This was orginally a submission to an on-campus undergraduate research journal. I have modified the submission a bit, and posted it here since I have not heard back regarding my application. Apologies if it seems a bit simplistic&amp;ndash;it was originally written for a general audience. All the code is available here.
Introduction/Background Recent developments in computer hardware have enabled a specific part of the computer, the Graphics Processing Unit (GPU), to accelerate developments within a subfield of artificial intelligence: machine learning.</description>
    </item>
    
  </channel>
</rss>