<?xml version="1.0" encoding="utf-8" standalone="yes" ?>
<rss version="2.0" xmlns:atom="http://www.w3.org/2005/Atom">
  <channel>
    <title>Tags on Sid Devic</title>
    <link>http://sid.devic.us/tags/</link>
    <description>Recent content in Tags on Sid Devic</description>
    <generator>Hugo -- gohugo.io</generator>
    <language>en-us</language>
    <copyright>&amp;copy; 2018</copyright>
    <lastBuildDate>Tue, 18 Sep 2018 15:56:58 -0500</lastBuildDate>
    
	<atom:link href="http://sid.devic.us/tags/index.xml" rel="self" type="application/rss+xml" />
    
    
    <item>
      <title>Computer-vision</title>
      <link>http://sid.devic.us/tags/computer-vision/</link>
      <pubDate>Tue, 18 Sep 2018 15:56:58 -0500</pubDate>
      
      <guid>http://sid.devic.us/tags/computer-vision/</guid>
      <description></description>
    </item>
    
    <item>
      <title>Cross-platform</title>
      <link>http://sid.devic.us/tags/cross-platform/</link>
      <pubDate>Mon, 17 Sep 2018 10:31:21 -0500</pubDate>
      
      <guid>http://sid.devic.us/tags/cross-platform/</guid>
      <description></description>
    </item>
    
    <item>
      <title>Deep-learning</title>
      <link>http://sid.devic.us/tags/deep-learning/</link>
      <pubDate>Mon, 17 Sep 2018 10:46:56 -0500</pubDate>
      
      <guid>http://sid.devic.us/tags/deep-learning/</guid>
      <description></description>
    </item>
    
    <item>
      <title>Graphs</title>
      <link>http://sid.devic.us/tags/graphs/</link>
      <pubDate>Sun, 09 Jun 2019 17:45:39 -0400</pubDate>
      
      <guid>http://sid.devic.us/tags/graphs/</guid>
      <description></description>
    </item>
    
    <item>
      <title>Machine-learning</title>
      <link>http://sid.devic.us/tags/machine-learning/</link>
      <pubDate>Sun, 09 Jun 2019 18:15:59 -0400</pubDate>
      
      <guid>http://sid.devic.us/tags/machine-learning/</guid>
      <description></description>
    </item>
    
    <item>
      <title>Map-technologies</title>
      <link>http://sid.devic.us/tags/map-technologies/</link>
      <pubDate>Mon, 17 Sep 2018 10:31:21 -0500</pubDate>
      
      <guid>http://sid.devic.us/tags/map-technologies/</guid>
      <description></description>
    </item>
    
    <item>
      <title>Mobile-development</title>
      <link>http://sid.devic.us/tags/mobile-development/</link>
      <pubDate>Tue, 18 Sep 2018 15:34:34 -0500</pubDate>
      
      <guid>http://sid.devic.us/tags/mobile-development/</guid>
      <description></description>
    </item>
    
    <item>
      <title>Reinforcement Learning</title>
      <link>http://sid.devic.us/tags/reinforcement-learning/</link>
      <pubDate>Sun, 09 Jun 2019 17:45:39 -0400</pubDate>
      
      <guid>http://sid.devic.us/tags/reinforcement-learning/</guid>
      <description></description>
    </item>
    
    <item>
      <title>Research</title>
      <link>http://sid.devic.us/tags/research/</link>
      <pubDate>Sun, 09 Jun 2019 18:15:59 -0400</pubDate>
      
      <guid>http://sid.devic.us/tags/research/</guid>
      <description></description>
    </item>
    
    <item>
      <title>Unity</title>
      <link>http://sid.devic.us/tags/unity/</link>
      <pubDate>Mon, 17 Sep 2018 10:38:09 -0500</pubDate>
      
      <guid>http://sid.devic.us/tags/unity/</guid>
      <description></description>
    </item>
    
    <item>
      <title>Virtual-reality</title>
      <link>http://sid.devic.us/tags/virtual-reality/</link>
      <pubDate>Mon, 17 Sep 2018 10:38:09 -0500</pubDate>
      
      <guid>http://sid.devic.us/tags/virtual-reality/</guid>
      <description></description>
    </item>
    
  </channel>
</rss>