<?xml version="1.0" encoding="utf-8" standalone="yes" ?>
<rss version="2.0" xmlns:atom="http://www.w3.org/2005/Atom">
  <channel>
    <title>Math on Sid Devic</title>
    <link>http://sid.devic.us/tags/math/</link>
    <description>Recent content in Math on Sid Devic</description>
    <generator>Hugo -- gohugo.io</generator>
    <language>en-us</language>
    <copyright>&amp;copy; 2018</copyright>
    <lastBuildDate>Sun, 09 Jun 2019 17:51:13 -0400</lastBuildDate>
    
	<atom:link href="http://sid.devic.us/tags/math/index.xml" rel="self" type="application/rss+xml" />
    
    
    <item>
      <title>Directed Reading Program</title>
      <link>http://sid.devic.us/project/drp/</link>
      <pubDate>Sun, 09 Jun 2019 17:51:13 -0400</pubDate>
      
      <guid>http://sid.devic.us/project/drp/</guid>
      <description></description>
    </item>
    
    <item>
      <title>Point Packing in Hypercubes</title>
      <link>http://sid.devic.us/project/hypercubes/</link>
      <pubDate>Sun, 09 Jun 2019 17:51:13 -0400</pubDate>
      
      <guid>http://sid.devic.us/project/hypercubes/</guid>
      <description></description>
    </item>
    
  </channel>
</rss>