<?xml version="1.0" encoding="utf-8" standalone="yes" ?>
<rss version="2.0" xmlns:atom="http://www.w3.org/2005/Atom">
  <channel>
    <title>Mobile-development on Sid Devic</title>
    <link>http://sid.devic.us/tags/mobile-development/</link>
    <description>Recent content in Mobile-development on Sid Devic</description>
    <generator>Hugo -- gohugo.io</generator>
    <language>en-us</language>
    <copyright>&amp;copy; 2018</copyright>
    <lastBuildDate>Tue, 18 Sep 2018 15:34:34 -0500</lastBuildDate>
    
	<atom:link href="http://sid.devic.us/tags/mobile-development/index.xml" rel="self" type="application/rss+xml" />
    
    
    <item>
      <title>Green Raccoon</title>
      <link>http://sid.devic.us/project/green_raccoon/</link>
      <pubDate>Tue, 18 Sep 2018 15:34:34 -0500</pubDate>
      
      <guid>http://sid.devic.us/project/green_raccoon/</guid>
      <description>Originally made for EarthxHack 2018. Code available here, live in-browser demo available here.
Recycling is difficult. The rules of recycling can be even more difficult: items with food need to be washed, bottles need to have their caps removed, etc. This project is an attempt to simplify recycling so that (especially) children can learn how to do it properly.
The application has two main parts:
 Informing the user through a simple list what is recyclable An embedded camera which takes a picture and determines if the item in the picture is recyclable or not  Parsing Google&amp;rsquo;s Computer Vision API The response from Google, at least for the specific api we were toying with, was a list of words that the item in the picture may be.</description>
    </item>
    
    <item>
      <title>MyUTD</title>
      <link>http://sid.devic.us/project/myutd/</link>
      <pubDate>Mon, 17 Sep 2018 10:31:21 -0500</pubDate>
      
      <guid>http://sid.devic.us/project/myutd/</guid>
      <description></description>
    </item>
    
  </channel>
</rss>